y,x1,x2,x3,x4,x5
2.0747654775458,0.287577520124614,0.353606075979769,0.273622734239325,0.938028261531144,0.159673980204389
2.02464798022481,0.788305135443807,0.366441444959492,0.593866932671517,0.98800330539234,0.144515851279721
2.20475738388772,0.4089769218117,0.287100130692124,0.160184813430533,0.456319560995325,0.149180392036214
1.61702309190513,0.883017404004931,0.0799729123245925,0.853430238785222,0.230614943196997,0.514434259850532
1.48230650913581,0.940467284293845,0.365454269573092,0.847739157732576,0.695489268517122,0.492827306268737
0.694613480416856,0.0455564993899316,0.178013814613223,0.477886812528595,0.556632344610989,0.616342768538743
2.94273632194152,0.528105488047004,0.536053720628843,0.773692122427747,0.584710089489818,0.447422890691087
1.27171466670464,0.892419044394046,0.503948712022975,0.295400080503896,0.433631246909499,0.0556767152156681
2.92069661891688,0.551435014465824,0.945035103475675,0.0656281118281186,0.426175052765757,0.00539630954153836
2.54588523623248,0.456614735303447,0.341321283951402,0.44053312484175,0.596854395465925,0.221834201132879
1.02257901164831,0.956833345349878,0.464713774155825,0.462098857853562,0.452085584867746,0.850963223958388
2.40162069209787,0.453334156190977,0.0825311816297472,0.340934370178729,0.956608658656478,0.267346206121147
2.59544258531359,0.677570635452867,0.860106846084818,0.185140318702906,0.844430350000039,0.598600273253396
2.58044802063718,0.572633401956409,0.395660639973357,0.506997726857662,0.222768602659926,0.608599697239697
1.20358332240399,0.102924682665616,0.735899350373074,0.019191030645743,0.420170177007094,0.992158440407366
1.528563429312,0.899824970401824,0.171743405982852,0.773686039494351,0.41998293553479,0.191189960809425
2.20580071501227,0.24608773435466,0.454761631321162,0.55966507922858,0.0207908488810062,0.753390584606677
1.64147828406402,0.0420595335308462,0.770204759435728,0.64146263920702,0.380447969539091,0.242387337144464
2.18639045253256,0.327920719282702,0.0626499983482063,0.468432118650526,0.422348427586257,0.327452220022678
1.3410380863562,0.954503649147227,0.815081495093182,0.279223810648546,0.191426063422114,0.00353549467399716
1.32040218972466,0.889539316063747,0.301142524462193,0.461216570343822,0.705329281743616,0.997424143599346
2.63112805334145,0.6928034061566,0.364671027986333,0.792738341726363,0.0135204752441496,0.438059504376724
2.53274599993491,0.640506813768297,0.312112791929394,0.585565576329827,0.731203105766326,0.997688744915649
0.4041693711035,0.994269776623696,0.0373699648771435,0.394758985843509,0.432724097976461,0.196719169151038
2.83494395131818,0.655705799115822,0.51880492339842,0.811237349640578,0.731240093009546,0.111476795747876
2.3885142054856,0.708530468167737,0.679013415705413,0.318563093896955,0.013941552489996,0.250736450543627
3.38303273878015,0.544066024711356,0.903233560267836,0.581447338219732,0.045313308481127,0.680476603098214
2.46362722633587,0.59414202044718,0.0255266984459013,0.455488957930356,0.418414376443252,0.577254296746105
2.81321622667523,0.28915973729454,0.989078270737082,0.268803449813277,0.643840002128854,0.416347296210006
1.53166547917471,0.147113647311926,0.302887624595314,0.555177204776555,0.219793785596266,0.729181243572384
1.29658336993549,0.963024232536554,0.939138400601223,0.231230884324759,0.833442652830854,0.574189733015373
1.60648311749688,0.902299045119435,0.687607581727207,0.54323289799504,0.694767313543707,0.577635149005801
2.29220192841605,0.690705278422684,0.447036994853988,0.447570141172037,0.899124485207722,0.589999127434567
1.76404169599095,0.795467417687178,0.816478138789535,0.130288136890158,0.414240285288543,0.222928340081126
0.641301266861001,0.0246136845089495,0.0394991978537291,0.62172598275356,0.411004703259096,0.103492298629135
3.08204949572284,0.477795971091837,0.739031685516238,0.547994283260778,0.250014989404008,0.736506026936695
1.62045496873006,0.758459537522867,0.348719493718818,0.149244213709608,0.373767039040104,0.612403756240383
2.38449286084465,0.216407935833558,0.829250823473558,0.559545869240537,0.231892732670531,0.951212360523641
2.19704065334354,0.318181007634848,0.535541391698644,0.42688557645306,0.931603164644912,0.959875865606591
1.81793724629278,0.231625785352662,0.274545363616198,0.447730098385364,0.47634475515224,0.744836050085723
2.4076064942283,0.142800022382289,0.800948211923242,0.833294771611691,0.0476650029886514,0.434830145677552
2.83367061535276,0.414546335814521,0.091644694795832,0.719587282743305,0.773531056009233,0.174775137333199
3.07242875454048,0.413724326295778,0.832107774214819,0.456886755535379,0.331117329420522,0.435288068838418
2.57984765346694,0.368845450924709,0.276855072472245,0.521264262963086,0.552876470610499,0.762458187760785
1.73957477604108,0.152444747742265,0.753110099583864,0.24245707760565,0.676330528920516,0.919029311044142
1.86176906899107,0.13880606344901,0.964152570115402,0.0758608346804977,0.277334370883182,0.906697582919151
1.76727782683276,0.233034099452198,0.0814665600191802,0.391295091249049,0.0528556783683598,0.815512828994542
2.64456602547266,0.465962450252846,0.854364746483043,0.0131082159932703,0.42575858370401,0.199752942658961
2.98928204963926,0.265972640365362,0.802238217089325,0.867499468615279,0.610118482029066,0.049625585321337
2.09570767095022,0.857827715342864,0.385173604590818,0.992615673691034,0.976046035066247,0.478948525618762
1.02817463670419,0.0458311666734517,0.327597399009392,0.7088553882204,0.969800120219588,0.590393368853256
2.80367257111048,0.442200074205175,0.204938702983782,0.82671549031511,0.0884845573455095,0.0966202358249575
2.2823448278485,0.798924845643342,0.56938266265206,0.891896269517019,0.498380037257448,0.950890234904364
2.11081930430487,0.12189925997518,0.888055190443993,0.53941073268652,0.395689367782325,0.162743138615042
2.84184026931018,0.560947983758524,0.529714091448113,0.555313591845334,0.390331929083914,0.921506262617186
1.89431617704028,0.20653138961643,0.58695865678601,0.276439883746207,0.318499490851536,0.127775072818622
1.76045869773478,0.127531650243327,0.665735142538324,0.659197925822809,0.682575054233894,0.662739590508863
1.93438577479062,0.753307864302769,0.529892458580434,0.243435242446139,0.284614907577634,0.784041927428916
1.10136541318685,0.895045359153301,0.509842899395153,0.288266204763204,0.39009471423924,0.764613161794841
2.56246834904452,0.374462775886059,0.0161604809109122,0.715780958533287,0.990168560296297,0.672570310533047
2.60097657527673,0.665115194628015,0.0477099849376828,0.727533633122221,0.792005731491372,0.115665902383626
1.5735068791433,0.0948406609240919,0.929350682534277,0.173043038696051,0.312405151547864,0.851301487535238
2.8383697141999,0.383969637798145,0.769285538699478,0.306311258813366,0.817117730388418,0.617961594834924
1.85366781271594,0.274383644573391,0.201080616097897,0.369907276704907,0.22090977220796,0.836411555996165
1.55264403318171,0.814640038879588,0.650261500384659,0.0777215543203056,0.501073820283637,0.169928224757314
3.15833016938482,0.448516341391951,0.653766682371497,0.713150188792497,0.166972296312451,0.0102812200784683
1.76306934717133,0.810064353048801,0.395253761438653,0.550922729074955,0.119659194489941,0.323469731258228
1.73712567935834,0.812389509519562,0.812304828548804,0.135865396354347,0.89760996773839,0.269682724494487
2.60405759373932,0.794342321110889,0.547023417660967,0.974163694074377,0.093714878661558,0.825261356076226
3.34583475747411,0.439831687603146,0.885132651543245,0.561963158892468,0.865058556664735,0.933661737013608
2.43039365409006,0.754475158639252,0.553313987562433,0.788409381639212,0.276591463712975,0.127791483653709
3.30787669300394,0.629221131559461,0.906048111617565,0.848914084257558,0.0272836927324533,0.913337606238201
2.99298094576847,0.710182401351631,0.587461367016658,0.878041774732992,0.787384963361546,0.605233947746456
1.3227604837574,0.000624773325398564,0.423463650979102,0.800476373871788,0.358660299796611,0.400285166455433
3.55659855670958,0.475316574098542,0.949585322989151,0.640148486476392,0.025102965766564,0.665795303415507
2.49206662067886,0.220118885161355,0.709037903463468,0.628927760757506,0.74609359796159,0.767599277198315
2.42381471189994,0.379816537722945,0.41330540808849,0.271409004693851,0.029625577153638,0.521895700134337
1.83588925790571,0.612771003274247,0.0183640837203711,0.0299398254137486,0.433864830993116,0.394507517106831
2.49304525541345,0.351797909243032,0.566734082764015,0.41986421495676,0.256626832997426,0.965786833548918
1.10706859183257,0.111135424347594,0.490063453093171,0.35543467104435,0.498015220975503,0.0489855406340212
2.47632488331749,0.243619472719729,0.87867402122356,0.392331253970042,0.65335523057729,0.153308271663263
2.62257821234357,0.66805558744818,0.812852687900886,0.171936832368374,0.0836568856611848,0.696839065523818
2.95349365184316,0.417646779678762,0.854099977528676,0.319642119342461,0.180472461739555,0.727785873226821
1.76223283394077,0.788195834029466,0.367895947769284,0.413555064238608,0.104462501592934,0.108379415469244
2.14699507420978,0.102864644257352,0.873949912842363,0.759335696697235,0.812392983818427,0.464568545576185
2.06673559560967,0.434892741497606,0.151338171446696,0.271890205098316,0.627502441639081,0.642125536222011
0.373246170866343,0.984956979984418,0.28181166970171,0.115582457045093,0.630572485970333,0.397110937861726
0.988890728494704,0.893051114398986,0.666705157840625,0.0293366149999201,0.390889850212261,0.990430257050321
2.43958462209461,0.886469060787931,0.977383576799184,0.806855297880247,0.43225357378833,0.678708809893578
1.82113486927402,0.175052650272846,0.582739736652002,0.480126436566934,0.348634002264589,0.315318457549438
1.85999120287317,0.130695691565052,0.526590079534799,0.806247940286994,0.793557758675888,0.153769260039553
2.00177706876241,0.653101925039664,0.0607822248712182,0.0790056816767901,0.886936112074181,0.301251735771075
2.75931811160612,0.343516472261399,0.969038863666356,0.115337409544736,0.651127086719498,0.0945155306253582
1.8278987684524,0.656758127966896,0.120237128576264,0.12941628950648,0.592863264260814,0.0268755068536848
2.28450250045336,0.320373242488131,0.0883633010089397,0.738748542033136,0.327822093851864,0.310483304318041
2.56441287719442,0.187691119266674,0.880764114903286,0.757098533445969,0.0756893679499626,0.742438868619502
2.39798514618783,0.782294301316142,0.508370629744604,0.992455308558419,0.591387242078781,0.960092212306336
1.35888772773969,0.0935949867125601,0.337494997307658,0.624552987283096,0.178336763521656,0.415802662726492
2.99134157769584,0.46677904156968,0.894334625452757,0.288690108573064,0.741350124124438,0.522235407261178
2.23003181023299,0.511505459900945,0.0319716280791909,0.199911774368957,0.293876208132133,0.0675197287928313
2.7446874975195,0.59998895926401,0.237229697406292,0.800917848711833,0.639185810694471,0.629841805435717
2.78612251937014,0.332823540316895,0.686490351101384,0.727762710303068,0.124822397250682,0.353413787204772
2.18770157036975,0.488613033667207,0.225818423321471,0.217047974700108,0.255265783751383,0.42471465212293
1.21926368806842,0.954473827499896,0.318494588136673,0.744238505372778,0.82057468732819,0.963768790708855
2.98434721703892,0.4829023971688,0.173983816755936,0.866653708275408,0.803780392976478,0.680998486932367
2.04765747427578,0.890350222121924,0.801429583691061,0.52940575638786,0.0458346307277679,0.718463884433731
1.15082909696999,0.914438186911866,0.14628205797635,0.598638546885923,0.87553172186017,0.170629765372723
3.34935263232386,0.608734982321039,0.822717391652986,0.937632332323119,0.128009089967236,0.203609089134261
2.90523396492289,0.410689776530489,0.330997828627005,0.950724098365754,0.608831403544173,0.876549711916596
1.73306232389332,0.147094690939412,0.374169387854636,0.660532301291823,0.469566873274744,0.837522525573149
1.06260934318951,0.935299803270027,0.629745423793793,0.0722865809220821,0.55729108559899,0.720627042464912
2.46923101909379,0.301228899974376,0.0966337430290878,0.826331578660756,0.730392784578726,0.28106337110512
0.973275439532816,0.0607205715496093,0.0219937153160572,0.47954407799989,0.469858688767999,0.209990896750242
1.78114190372658,0.947726940037683,0.993044780334458,0.391228783410043,0.988610059022903,0.494150319602341
2.0619338653945,0.720596273429692,0.583938845666125,0.299122775672004,0.984668384538963,0.521752808243036
1.70302416015057,0.142294295597821,0.781823065131903,0.244308249559253,0.393284681020305,0.219831811729819
3.32388978760239,0.549284656066448,0.891896122600883,0.421810131752864,0.608847137540579,0.763106702361256
1.88265590108642,0.95409123855643,0.754865453578532,0.937770176911727,0.345483730081469,0.0245196530595422
3.19801590721844,0.585483353119344,0.979203730123118,0.264485116582364,0.437112562125549,0.711485945153981
2.52890815048145,0.404510281747207,0.0441470679361373,0.568568754009903,0.22913196333684,0.840887599159032
2.75716004237512,0.64789347932674,0.90340088470839,0.202184567693621,0.00607224809937179,0.930821072077379
2.49801040930604,0.319820617092773,0.865500814048573,0.192805626895279,0.0238768882118166,0.662091647274792
3.09547786227869,0.307720010867342,0.775407591369003,0.718611745163798,0.0587584283202887,0.269942219369113
1.58720923675263,0.219767631264403,0.376816416857764,0.313517895527184,0.764575645094737,0.21823346032761
1.88050504802816,0.369488865835592,0.042108048684895,0.138390127336606,0.46904400549829,0.867818171158433
0.352835689635011,0.984219203470275,0.364411081653088,0.0580306977499276,0.850831880234182,0.0245715517085046
1.81124712392096,0.154202300822362,0.273751269793138,0.931099641136825,0.581719390582293,0.850026724394411
1.800724291556,0.0910439998842776,0.85046748071909,0.568338012089953,0.186888262396678,0.523933076998219
0.993209793249653,0.141906907781959,0.362401712452993,0.117770360549912,0.609060978516936,0.435462701832876
2.37370363015624,0.690007101511583,0.304477790603414,0.564794481499121,0.893341733142734,0.931294746464118
3.02244159541149,0.619256483390927,0.759135339409113,0.540256182895973,0.794321165885776,0.164550395915285
2.2448442576892,0.891394117148593,0.844834624323994,0.819682518485934,0.504092833958566,0.378788392059505
2.66873362087264,0.672999092610553,0.45792156108655,0.70297950389795,0.423028273740783,0.138044937048107
2.62628000089779,0.737077737925574,0.72963166446425,0.567748373607174,0.654381287749857,0.149721077177674
2.7916699587567,0.521135725779459,0.104078636039048,0.721309266285971,0.887738514458761,0.676447247387841
2.35707279501755,0.65983844967559,0.219983177725226,0.752444213489071,0.892016471130773,0.562116155866534
2.3386222561937,0.821805460145697,0.953951247734949,0.381422596750781,0.178390537854284,0.471648442791775
2.10900811805554,0.786281551700085,0.752037541242316,0.28801028127782,0.257502424763516,0.811100168619305
1.4015366047836,0.979821917368099,0.818955383263528,0.531683327164501,0.113438504748046,0.962388532236218
2.2793372577586,0.439431536244229,0.417777101742104,0.259646071353927,0.797158958623186,0.515409884043038
2.79462354538752,0.31170220207423,0.593838493106887,0.83179031778127,0.10953848878853,0.703722769627348
2.85578303787176,0.409474952612072,0.798823557794094,0.405363884754479,0.829071694752201,0.180879510007799
1.03338082841067,0.0104671118315309,0.888408650411293,0.0726319255772978,0.771046296926215,0.35496694711037
2.3220351614766,0.18384952400811,0.385191593319178,0.953758624615148,0.943689404521137,0.0499027892947197
1.25255402588876,0.842729318886995,0.0903220842592418,0.217183782951906,0.466957593569532,0.152553702704608
2.00303051645936,0.231161782052368,0.625743637094274,0.405625266721472,0.939855647506192,0.0992717186454684
2.59180321635519,0.239099955651909,0.745636217296124,0.62566831544973,0.78518294240348,0.280148076126352
1.2279556035381,0.0766911653336138,0.085378457326442,0.628404803806916,0.874607875011861,0.387450202135369
1.83043091280354,0.245723678031936,0.300517611205578,0.328238664194942,0.394462653435767,0.634158786386251
1.95130156879876,0.73213520552963,0.614562157308683,0.138909491943195,0.0996991607826203,0.707063608802855
2.29516191057529,0.847453165100887,0.752932057948783,0.91465717041865,0.276961420429871,0.326018318766728
3.3735191265158,0.497527267085388,0.91705713304691,0.599115967284888,0.722222051117569,0.965183315100148
2.92470112204627,0.387909029843286,0.475750505691394,0.749607095960528,0.356305179418996,0.696454447461292
2.59576231023631,0.246448994148523,0.567119466140866,0.918954745167866,0.382711883401498,0.161078194156289
1.77809021385345,0.111096461303532,0.736620346084237,0.528765395982191,0.0319686508737505,0.369062241632491
3.11843910512832,0.389994435245171,0.857447424437851,0.371978746028617,0.521445286925882,0.30221775919199
2.89933403840219,0.571935313986614,0.909146504476666,0.0658083211164922,0.121077910298482,0.457965767476708
2.25376063831146,0.216892762808129,0.0563822253607214,0.854369923705235,0.885184176499024,0.823282746365294
2.56313759380235,0.44476800202392,0.502908304100856,0.510411301394925,0.0746462990064174,0.232539350865409
1.56990698261624,0.21799066872336,0.350544773042202,0.20999805862084,0.784227946773171,0.402322225272656
3.09726320554226,0.502299563260749,0.845556122949347,0.375843436690047,0.854132302571088,0.971612802939489
2.70857862079445,0.353904571849853,0.806435163831338,0.207365499809384,0.0371781706344336,0.124420745996758
2.13814215298872,0.64998515881598,0.11733122728765,0.459240817232058,0.275143509497866,0.63029007660225
2.67711339732993,0.374713956611231,0.712686554994434,0.241502250079066,0.642069949069992,0.703867005882785
2.00206528872794,0.355445380788296,0.235268858028576,0.118690322386101,0.785078359534964,0.591200284194201
2.09327792290204,0.533687945455313,0.0749567511957139,0.0724691497161984,0.400062711909413,0.996516271261498
3.0737703629845,0.740334360394627,0.935646147234365,0.690989849856123,0.935302329715341,0.0453361014369875
1.58020344441915,0.221102937823161,0.157167825149372,0.286957619246095,0.390516970772296,0.990072537912056
2.5859799750065,0.41274611861445,0.647057350026444,0.149412495549768,0.423959307139739,0.745306309312582
2.54952590713229,0.265686686849222,0.173517746152356,0.972432009177282,0.286421701079235,0.436749597778544
2.23147290468264,0.629973053466529,0.0200740091968328,0.410514390328899,0.611748408526182,0.153006548760459
1.86950567697804,0.183828490786254,0.521313846344128,0.401813854230568,0.558812738629058,0.448865175480023
1.516041836088,0.86364411143586,0.0862778932787478,0.648556348634884,0.0399671350605786,0.18632471258752
2.49265022987708,0.746568004135042,0.283002346055582,0.916305739665404,0.745281946845353,0.426548582501709
2.06095529079101,0.668284649727866,0.420434901025146,0.216662138933316,0.206487420713529,0.820779866538942
2.91503918881107,0.618017873261124,0.587278124177828,0.547998871887103,0.656495965085924,0.0503789142239839
3.21145605367704,0.372238060226664,0.806694429600611,0.720050457865,0.522414671257138,0.325382151640952
2.51405316940097,0.529835685854778,0.201995208859444,0.397246005246416,0.633436584845185,0.842411929508671
1.0622712221999,0.874682342866436,0.459424671716988,0.0940013926010579,0.617563133826479,0.0401997929438949
2.74216807751216,0.581750099780038,0.448143113870174,0.634896405041218,0.284895547432825,0.791872961213812
1.58409418555001,0.839767764788121,0.733747758204117,0.00247881026007235,0.223807222442701,0.961628437507898
2.2256942737494,0.312448164913803,0.714754810556769,0.210523239802569,0.539019355317578,0.660920487483963
3.00466058437011,0.70829032221809,0.831221978878602,0.679022809490562,0.996371977264062,0.00871741911396384
3.17088273794417,0.265017806086689,0.886566120898351,0.866189130349085,0.328916536876932,0.465789224253967
3.35049127774239,0.594343194039539,0.952644573990256,0.79969711555168,0.323336088331416,0.716613848693669
2.47155883240307,0.481289800489321,0.550616721855477,0.134996398352087,0.0353235178627074,0.0281821098178625
1.92289172794917,0.26503273146227,0.522335766116157,0.387498257681727,0.525611852528527,0.845482558710501
2.84255610860916,0.564590434776619,0.170698255300522,0.788471929030493,0.596806915011257,0.746415409026668
1.41594127499955,0.913188223028556,0.479271559976041,0.692913666600362,0.742086659185588,0.26403076434508
1.19602690140048,0.901874389499426,0.253820796497166,0.59427297138609,0.95283712958917,0.745913676219061
1.64216155658466,0.274166621500626,0.0397806370165199,0.123857651371509,0.489621237851679,0.671582471346483
2.78898450097005,0.321482756407931,0.634800509782508,0.555078102741391,0.0832873454783112,0.172052733367309
0.767195448148557,0.985640884377062,0.539560914039612,0.449411387788132,0.259927998995408,0.669716468313709
2.7011743076486,0.619993310188875,0.140103549929336,0.766166528686881,0.874846625607461,0.930354031501338
0.532032125568928,0.937314089154825,0.283711776835844,0.0260977216530591,0.852059136377648,0.850974758388475
2.40609987450549,0.466532702324912,0.583030595211312,0.195171431871131,0.842904664576054,0.781073235208169
2.64930597249117,0.406832593260333,0.165025892201811,0.881234564818442,0.946903674630448,0.685842331266031
1.67475492283002,0.659230324206874,0.0963011106941849,0.109801593469456,0.652681634761393,0.591369112022221
2.12848094201527,0.152346616843715,0.428613091353327,0.968550927937031,0.488155565224588,0.403273216914386
2.45611539276878,0.572867058217526,0.355761565733701,0.385198592906818,0.187756700674072,0.128348112571985
3.12080941738295,0.238726026844233,0.844933539861813,0.85859140730463,0.71303306077607,0.82016446441412
1.24837612598498,0.962358936434612,0.260132473660633,0.887384754605591,0.0850699706934393,0.716720472322777
2.47404057942828,0.601365725975484,0.023144492181018,0.48909149854444,0.461199405603111,0.788324852474034
3.59303407611092,0.515029727248475,0.862399539677426,0.718091808957979,0.935907306615263,0.0183160011656582
2.45563001610183,0.402573342202231,0.334587961202487,0.486705572577193,0.845293667865917,0.174490140983835
2.17368443336284,0.880246541230008,0.631788871716708,0.988708860939369,0.716186716919765,0.598648968385533
2.27066315746213,0.364091864787042,0.546426258748397,0.0647511295974255,0.123806348303333,0.0806388228666037
2.00981374095133,0.288239280693233,0.376444493187591,0.157662777928635,0.594827461289242,0.707315941806883
1.91773280980665,0.170645235106349,0.185873015085235,0.785348618403077,0.98985280143097,0.563668774208054
1.7980973249258,0.172171746380627,0.428940591169521,0.542188289808109,0.6154084878508,0.282807909185067
2.72441848539688,0.48204260552302,0.630773598561063,0.416547345230356,0.273077666992322,0.392056765733287
2.77044029278701,0.252964928513393,0.520842351252213,0.998882649000734,0.0637068431824446,0.672728167846799
1.99742856580751,0.21625478961505,0.659621337195858,0.255673117004335,0.072303275577724,0.162179667269811
2.81059240949984,0.674376388080418,0.729360931320116,0.507875671144575,0.873511214042082,0.108501903479919
0.656693696240217,0.0476636274252087,0.486822873353958,0.0789711775723845,0.36282499670051,0.533444229979068
2.55616903923422,0.700853087473661,0.384456615662202,0.813668364426121,0.945622149156407,0.103199100354686
2.16190826996483,0.351888638455421,0.00683350884355605,0.38217916013673,0.558318939991295,0.0934180852491409
2.7896583767622,0.408943997928873,0.00368422758765519,0.802182707935572,0.512661150889471,0.639925142051652
2.27158727970196,0.820951323956251,0.994936440140009,0.197923636762425,0.9477716635447,0.564042437123135
1.37935898272331,0.918857348151505,0.107886880170554,0.946399770211428,0.109801595564932,0.305536519503221
2.04304428951127,0.282528330106288,0.41866915835999,0.345672474242747,0.818907550536096,0.266009031329304
1.14927398145553,0.961104793706909,0.717884546611458,0.522050247294828,0.377342106774449,0.632500789593905
2.07322358877239,0.728394428268075,0.742539132246748,0.111688006436452,0.556641047820449,0.830757833551616
3.29875133294361,0.686375082004815,0.871998823713511,0.885974851204082,0.313871186692268,0.0513556152582169
1.47445040571463,0.0528439427725971,0.607867961050943,0.95425497321412,0.0823428803123534,0.99233503616415
2.33598831464687,0.395220134640113,0.756203351309523,0.0403807631228119,0.779937542276457,0.0220871928613633
3.31684821075985,0.477845379849896,0.847241298062727,0.4936161886435,0.193234728416428,0.179838889045641
2.50817640984995,0.56025326368399,0.612779648974538,0.226063704816625,0.655585467582569,0.328692074865103
2.9272657881214,0.698261594865471,0.793224167777225,0.858800339279696,0.435147053329274,0.854895716765896
1.04377405292571,0.915683538420126,0.0228546834550798,0.53093573381193,0.197148326551542,0.184360313229263
2.1739044305634,0.618351227371022,0.416914549656212,0.0046381508000195,0.994660422205925,0.795356702525169
3.05885070092616,0.428421508753672,0.874882387463003,0.277560080168769,0.446742866421118,0.858852138277143
2.77094838538198,0.54208036721684,0.647347015561536,0.325203143060207,0.0314266642089933,0.472019533859566
1.92711004307564,0.058478488586843,0.924478986766189,0.588706276612356,0.937016558134928,0.648202839307487
1.66381346741227,0.260856857057661,0.172225096030161,0.249684700742364,0.870983954286203,0.32504168455489
2.11233108792562,0.397151953307912,0.315812789136544,0.0431172808166593,0.601246283389628,0.46613745810464
1.86287552033087,0.197744736680761,0.804256279254332,0.110678787576035,0.299015456344932,0.94240728369914
2.68951843928398,0.83192756283097,0.988963411189616,0.703753812005743,0.809346275171265,0.245464298641309
2.188507351658,0.152887222822756,0.322385551873595,0.939021238824353,0.952142385067418,0.0224570592399687
1.56623977601468,0.803418542025611,0.00119162839837372,0.311169018037617,0.852053971262649,0.967071830527857
3.11809426646652,0.546826156554744,0.992170619312674,0.0784929301589727,0.127309735864401,0.260048856958747
1.97847131692694,0.662317642010748,0.148352391785011,0.321744091343135,0.968882349785417,0.654107216512784
1.57597287034494,0.171698493883014,0.0493642971850932,0.624905536882579,0.557101008715108,0.0753812375478447
2.85328528882209,0.633055359823629,0.597353482618928,0.440241849515587,0.00536444736644626,0.969246099004522
2.45600310225973,0.311869746772572,0.321328443475068,0.801345300627872,0.135763919679448,0.918539323844016
2.1020697471713,0.724554346408695,0.527929000323638,0.279283805051819,0.00584710156545043,0.868152536218986
3.19271052788909,0.398939824663103,0.795422020368278,0.570713193388656,0.816874062176794,0.424378974828869
0.340997592978798,0.969356411136687,0.0689325968269259,0.0421280120499432,0.782163587864488,0.781031975988299
0.98716655818023,0.967398370616138,0.69502069731243,0.190717455465347,0.931066285818815,0.299905892694369
3.1245181339365,0.726702539017424,0.948631507344544,0.727086470695213,0.368689882336184,0.289452788420022
2.26765769588435,0.257216746453196,0.277769317384809,0.826690050307661,0.974454874172807,0.999273833120242
1.82568270774924,0.221787934657186,0.249406585237011,0.510721075348556,0.823743681889027,0.98703720793128
2.41809669175373,0.593045651679859,0.159435480134562,0.567726165754721,0.787448863266036,0.480046341195703
1.55887151300382,0.267521432135254,0.0716300560161471,0.00115581974387169,0.62282583466731,0.762275066226721
2.55703001071311,0.531070398865268,0.557437583105639,0.143778103170916,0.967354928841814,0.328611925011501
2.567683327218,0.785291671287268,0.489837051602081,0.865967083023861,0.49991849064827,0.236238847253844
1.37107391397307,0.168060810538009,0.494292361894622,0.0825610605534166,0.893695599632338,0.617860030382872
2.85676922367917,0.404399181017652,0.888371585169807,0.244570682058111,0.401043246965855,0.340449265437201
3.07736941848425,0.471576277632266,0.0367043598089367,0.98154315748252,0.447541609639302,0.0583910276181996
1.51476732959744,0.868106806883588,0.203743813559413,0.57758127944544,0.93577908212319,0.981945822248235
0.951436817178354,0.9257079558447,0.513781139161438,0.24872636445798,0.683332197368145,0.688040121691302
1.23970715929231,0.88197755930014,0.236339889001101,0.614953953772783,0.0181631301529706,0.862182220909745
2.14695884155732,0.674186842516065,0.575435669859871,0.0317573207430542,0.165526717668399,0.461695483652875
0.803743318885498,0.950166979338974,0.482257911469787,0.146423544269055,0.495834498899058,0.126027198508382
2.99505618670889,0.516444894252345,0.569352688733488,0.703072973992676,0.426535228034481,0.680295445257798
2.08245451466113,0.576519021298736,0.144152315100655,0.065560708520934,0.992053120629862,0.0199487851932645
2.35684100479019,0.336331205908209,0.145708762574941,0.621807062299922,0.888950123917311,0.162958639673889
2.94985494457264,0.34732463140972,0.412283112993464,0.937327365390956,0.345755371265113,0.89581583510153
0.668402011542098,0.0200243005529046,0.6830102824606,0.0878946147859097,0.705844125011936,0.153157744556665
3.36522573953593,0.502813045633957,0.653427820419893,0.972803509328514,0.908724687062204,0.258641593623906
1.66447848349363,0.871043413644657,0.915986333042383,0.0260107105132192,0.676292887190357,0.244024680228904
1.39762679461124,0.00630078394897282,0.813113132491708,0.725227952003479,0.63910027127713,0.311864907387644
1.30032326143159,0.0720571239944547,0.67589000123553,0.453706391621381,0.149604527046904,0.221246689558029
2.17325286755051,0.164211224997416,0.807499109301716,0.566182404989377,0.601125390036032,0.0305468428414315
2.20936480805501,0.770334074273706,0.128064419608563,0.87273104628548,0.272751235868782,0.9030366090592
2.11668514177495,0.735184305813164,0.250778533983976,0.55456317961216,0.457853371044621,0.959397464292124
1.1772987396214,0.971875635674223,0.331546991597861,0.737652207259089,0.222253093263134,0.942848661448807
2.64211346960635,0.466472376836464,0.407269289949909,0.62312916200608,0.254921516869217,0.453300039982423
1.15788795042409,0.0743845133110881,0.6353675769642,0.311028405791149,0.653687727171928,0.437665002420545
2.89457430162041,0.648818124318495,0.808612044900656,0.392196484608576,0.471993161132559,0.0501661477610469
1.82079205508879,0.758593169506639,0.258801201358438,0.202087455429137,0.160963035654277,0.359821268357337
2.40197933937731,0.137106081005186,0.819467139896005,0.852780389599502,0.272080334601924,0.896644064690918
2.50106664544331,0.396584594622254,0.0154776689596474,0.606830150820315,0.712956093018875,0.371063167229295
2.45240868775276,0.224985329201445,0.654400766594335,0.756098013836891,0.613353652181104,0.503285011276603
1.6249917713735,0.0579585605300963,0.811719584278762,0.562516808742657,0.132121966220438,0.527599306078628
2.48164619459222,0.395892688306049,0.461368926800787,0.275899012805894,0.0700072532054037,0.170270065078512
1.16368452597622,0.0649282999802381,0.203417101642117,0.735558403655887,0.966265012975782,0.53859877679497
1.86913440915288,0.225886432919651,0.0187682171817869,0.549279793864116,0.36827027797699,0.11049344507046
0.789547094879147,0.05462910910137,0.283132697222754,0.346127043943852,0.677454084623605,0.614105034386739
3.14619868004554,0.670282039558515,0.915272625628859,0.514965634793043,0.845951730385423,0.544976426986978
3.40834855498753,0.297741782618687,0.933696520514786,0.815767947584391,0.241650385316461,0.22762869251892
1.47087353358773,0.100721582304686,0.542531613726169,0.526272569317371,0.0351509910542518,0.901508652605116
0.691523512475417,0.0719040972180665,0.219422545982525,0.203040049877018,0.595240236725658,0.198526436695829
1.96078818567151,0.880440568784252,0.489427804015577,0.848107680445537,0.836191128008068,0.421812117565423
2.42400443660076,0.754247402073816,0.801148736150935,0.370494215050712,0.362249210244045,0.884361858014017
1.71687144871357,0.816605887608603,0.40763065777719,0.303325170883909,0.332188533386216,0.238200846593827
0.887317344318039,0.982140373671427,0.103711566887796,0.770597046939656,0.64473633072339,0.291630598250777
1.51306195082737,0.103599644964561,0.28056517476216,0.733448554994538,0.958615136798471,0.876395269529894
1.42726045863769,0.0990418293513358,0.361466220580041,0.838905998272821,0.596203628461808,0.619072475004941
1.80651926413485,0.798831611173227,0.259244841057807,0.569048842415214,0.510280017973855,0.857298753689975
1.49820968989819,0.784575266530737,0.47068183356896,0.02628083829768,0.155264135915786,0.477284332504496
0.603376771707664,0.00942990509793162,0.365845473250374,0.486127228243277,0.845851005520672,0.894230959936976
1.73316345966215,0.779065882787108,0.121272054268047,0.542681032791734,0.214380425633863,0.169069356750697
2.43643577163816,0.729390651918948,0.046993680531159,0.836660116910934,0.669873244827613,0.621070137713105
2.72432238350033,0.630131852813065,0.262796304188669,0.728664538124576,0.61775645124726,0.722760529723018
3.35991094896474,0.480910829966888,0.968641167972237,0.555113806854934,0.0499997769948095,0.190216163406149
1.29941653981283,0.15663685137406,0.488495482364669,0.0734143974259496,0.949398775584996,0.568715502275154
0.305175561977086,0.00821551983244717,0.477822029730305,0.136502299224958,0.582552031613886,0.671531327534467
3.1179262676222,0.452458394225687,0.748792881146073,0.684608696261421,0.860954337054864,0.919210898689926
2.59732050488551,0.492293328745291,0.667640231316909,0.0996219362132251,0.51846724934876,0.325559697812423
2.01850658898175,0.389587111538276,0.0494155967608094,0.203785905148834,0.266127483453602,0.546752070309594
2.93618992680281,0.464665941894054,0.695105244405568,0.365980138303712,0.597377663478255,0.00499117863364518
2.54960602382028,0.713279000716284,0.363261566730216,0.846195757621899,0.795576084172353,0.370116141391918
1.41790658497777,0.0553019263315946,0.884133607381955,0.236872595502064,0.689286037581042,0.637621424626559
3.04905614364735,0.354783097514883,0.775297229643911,0.704877850599587,0.480631644604728,0.609607010148466
1.17309380479419,0.802812272915617,0.139203641330823,0.107608830789104,0.465929388767108,0.818292169133201
1.94462077450689,0.835708837024868,0.295009271241725,0.779068868607283,0.618412335170433,0.117891796631739
1.65356150121724,0.237749404972419,0.12608278542757,0.25510568334721,0.449270514305681,0.66335767111741
2.66536388610455,0.353986102622002,0.589901623781771,0.548043326009065,0.602707532700151,0.201607255265117
1.22552907630267,0.856885420158505,0.561675608856604,0.0339015207719058,0.00460897409357131,0.586859541479498
2.29988640461569,0.853763373801485,0.688721120124683,0.806109476136044,0.994994512526318,0.695069978712127
1.96756679588754,0.295895455405116,0.311270809033886,0.337752807186916,0.406462448416278,0.528288147877902
2.09949809610559,0.147048324579373,0.605586841469631,0.916285858023912,0.117951637133956,0.369521510088816
2.88045772677443,0.703992061316967,0.991034318925813,0.357106417883188,0.86953909532167,0.698472405551001
2.00995617495839,0.103806688217446,0.743204915197566,0.975365013116971,0.540192956570536,0.47370445728302
0.683617166929186,0.0337277729995549,0.0758571303449571,0.384378522634506,0.88159766793251,0.230807848041877
0.715205341042337,0.999404527945444,0.451168906409293,0.488673535175622,0.0375398390460759,0.454134696628898
0.73304635864413,0.0348748040851206,0.0535369345452637,0.490776231279597,0.88143396214582,0.0791919191833586
1.87093933411952,0.338391283759847,0.33955551404506,0.0122546241618693,0.722349669784308,0.257680573733524
1.65650257561964,0.91506376164034,0.73395214881748,0.641473200637847,0.769810296595097,0.554080500733107
2.29612753303922,0.617235269630328,0.00410694046877325,0.512574971653521,0.863593708956614,0.0217597931623459
2.56727959514631,0.286285348702222,0.771909482311457,0.320352118229494,0.500742103205994,0.211102063767612
2.12053668158155,0.737797403009608,0.462975211208686,0.58143315766938,0.925864024320617,0.636393392225727
2.17705943435681,0.834054309176281,0.720840350026265,0.617344408296049,0.208074670284987,0.716973771108314
2.47233805738327,0.314270780421793,0.666505717206746,0.438274537678808,0.0271055938210338,0.776862405473366
2.52532301174253,0.492566547822207,0.572073720628396,0.170368980616331,0.315793072106317,0.0732085653580725
2.76404203210891,0.697373766219243,0.703812950057909,0.71508049662225,0.660112249664962,0.0987483714707196
2.93311476146791,0.641462353989482,0.65722106047906,0.747786548687145,0.31469130073674,0.94639556040056
2.90359812645845,0.643922914983705,0.289352145045996,0.843914708122611,0.944461387814954,0.930883407825604
0.7500817429315,0.977853404823691,0.0972394556738436,0.534759046975523,0.778970579849556,0.921451541595161
2.94267572275357,0.414735334459692,0.962421321077272,0.302235261537135,0.339431246276945,0.649938648333773
1.74411779596921,0.119404779979959,0.736334029119462,0.456518182065338,0.481646264670417,0.156350366072729
2.70790793195703,0.526029660133645,0.612723468570039,0.384342534467578,0.415994798764586,0.91014366876334
1.44901368801789,0.225073350826278,0.119928880827501,0.249046854674816,0.776333899470046,0.922061887802556
2.97656830351054,0.486411764053628,0.550259046489373,0.654626744799316,0.485427005914971,0.169240613933653
2.87340594648557,0.370214798487723,0.262756277807057,0.95532370172441,0.01529910415411,0.0733673155773431
1.16985068479807,0.983350180787966,0.898360831197351,0.291082957293838,0.642451295163482,0.566228931071237
2.72570151602206,0.388319115154445,0.00917994580231607,0.650189086562023,0.234829984838143,0.365405296906829
1.6863587479702,0.229244840331376,0.236234935931861,0.536359930876643,0.747025883058086,0.460166618926451
2.55001152002562,0.623297546291724,0.130044595338404,0.597451866604388,0.295607374515384,0.46473691239953
0.93426301920566,0.136540197068825,0.326233146712184,0.0248982694465667,0.906218191608787,0.77890710812062
0.802188010755426,0.967469494324178,0.72639888827689,0.00484173954464495,0.853324017953128,0.823666376294568
3.06729554175112,0.515071807894856,0.991745235398412,0.131378254387528,0.461963776964694,0.282355052186176
1.45721409841621,0.163070329232141,0.715133527759463,0.0248171037528664,0.0713482482824475,0.729978314135224
2.03067080015212,0.621902295155451,0.504439810989425,0.0921294519212097,0.577803724445403,0.495971685973927
0.732974899012876,0.985954165225849,0.436047671828419,0.475558224134147,0.579579334007576,0.0662683011032641
3.07020110160377,0.668771517463028,0.948825250612572,0.196656761225313,0.993576776934788,0.0376478305552155
2.8635488686108,0.418915896909311,0.120181487640366,0.814673948567361,0.335274414392188,0.237585074035451
2.11708723136029,0.323344993172213,0.0751451766118407,0.244059228105471,0.666801774175838,0.218396110227332
2.36018692439596,0.835255319951102,0.889021492796019,0.488807637942955,0.938556001987308,0.422386274905875
1.81666581018362,0.143817043630406,0.424452095059678,0.648882479639724,0.574856834951788,0.549751633079723
1.38955474673539,0.192815946880728,0.0423606787808239,0.158716470003128,0.691711413906887,0.713737604673952
1.94118823031112,0.896738682640716,0.647442143643275,0.836977910948917,0.0897585870698094,0.23999410867691
2.24543877302042,0.308119554305449,0.468619162449613,0.436596529791132,0.866459244629368,0.895682013127953
2.38042118962449,0.363300543511286,0.617926123319194,0.233495525084436,0.501139396801591,0.482623788062483
1.46775748014652,0.783946478739381,0.270815432537347,0.298855992034078,0.223256284138188,0.262847001897171
1.32524245909813,0.193378679919988,0.157295286655426,0.159421336837113,0.412419241620228,0.319918760331348
0.800124653179539,0.0177658118773252,0.114254270214587,0.585567104164511,0.886306279571727,0.66430197423324
2.42424430083003,0.406607866287231,0.507682863157243,0.14877797709778,0.495593437226489,0.728051361395046
2.48611654093234,0.483167669270188,0.548032287508249,0.179059559712186,0.672753727762029,0.571435950929299
2.24425671486495,0.421844950178638,0.140646189451218,0.339221504982561,0.282504437956959,0.878695076331496
2.30282232570451,0.342808801680803,0.16976905008778,0.18390193884261,0.817058302927762,0.409203278832138
1.87435729516993,0.866483314661309,0.761985323159024,0.405541522195563,0.2460994545836,0.205395789584145
3.01390543201724,0.45510805095546,0.527394940610975,0.613559618359432,0.369646193925291,0.470820417162031
3.38196448363109,0.533764873631299,0.860989357577637,0.685671334387735,0.235524395015091,0.379407775355503
1.50009698730336,0.963843331905082,0.67355498787947,0.823525600135326,0.93575692595914,0.247564962366596
1.71985943737728,0.774591542081907,0.0130410296842456,0.373982113786042,0.415076828328893,0.925032525788993
2.82124585248494,0.208876348566264,0.693198901368305,0.952841004589573,0.137449405388907,0.466174706583843
2.43270271812455,0.308786832727492,0.89171373215504,0.0188321589957923,0.914364723023027,0.0139416833408177
1.27678873130775,0.971342450240627,0.63185017532669,0.61237497231923,0.347641376079991,0.94322473811917
2.19488482659611,0.584900093497708,0.107294654939324,0.463573763845488,0.852930875727907,0.374545655446127
2.51768251379963,0.760823625372723,0.921065203845501,0.354729620506987,0.142635178752244,0.00804153550416231
3.05154004260141,0.372709394432604,0.675362381152809,0.882423028815538,0.359432870987803,0.980524503393099
1.53563787356664,0.769193911226466,0.148593712598085,0.075802858453244,0.245505067519844,0.377540055895224
3.40838609960221,0.5376771830488,0.745341842295602,0.88329119165428,0.0459059465210885,0.985867554787546
1.57150857399963,0.913995449664071,0.942598861875013,0.188221835764125,0.784547902178019,0.139616390690207
1.62863731447267,0.185296441894025,0.420783375622705,0.215066746808589,0.199171734508127,0.562218103092164
2.61967247633614,0.282218417385593,0.297723078168929,0.869532291544601,0.391850244253874,0.794360194355249
0.626193054710767,0.0949624131899327,0.259426670148969,0.0608380562625825,0.323562244651839,0.193901368649676
1.55559319910181,0.210487079108134,0.222881316905841,0.234899600734934,0.602105905069038,0.71069850306958
1.33390304009738,0.977098996285349,0.565654343459755,0.993015512824059,0.541271679569036,0.565708020003513
2.80742409276346,0.296302175382152,0.756650132825598,0.678197727771476,0.990823732689023,0.0101157331373543
2.56230681622497,0.725983026903123,0.669603545917198,0.435486800502986,0.25379104912281,0.256950867827982
2.06811944107248,0.78568783425726,0.546522794291377,0.377309941919521,0.735269893193618,0.470981482882053
1.8808767079551,0.105417746119201,0.811463657766581,0.46118402434513,0.977608161047101,0.926862747175619
2.68833212016851,0.2395946290344,0.759166802046821,0.801851871656254,0.558046241756529,0.995291978819296
1.97771053554172,0.270544872386381,0.0200684661976993,0.662966975243762,0.392708159517497,0.209982300410047
1.11787723966764,0.10105849406682,0.380903700133786,0.46600366407074,0.82468925928697,0.545186908217147
0.875150003926558,0.11791384126991,0.0508801136165857,0.053259436506778,0.112384460866451,0.645392872393131
0.899845614914509,0.991236555855721,0.797902937280014,0.23719791835174,0.535777904093266,0.90110798063688
0.957794564727334,0.986054297303781,0.923699213191867,0.233239737572148,0.443831584881991,0.73232174734585
1.34189852446169,0.137067471398041,0.542598370462656,0.230653600767255,0.273957212688401,0.609710701974109
1.51549681098083,0.90530958166346,0.852364600170404,0.0617262739688158,0.157357535790652,0.224372133612633
2.84482516027041,0.576301837572828,0.583562863292173,0.497118609258905,0.871838073711842,0.916171013377607
2.50173809576972,0.395448859082535,0.668323643505573,0.24412508867681,0.562044856371358,0.802761024795473
2.84021865155911,0.449802484130487,0.511314596515149,0.758185538928956,0.550689758267254,0.312408612575382
2.64012195163551,0.70650190114975,0.762750589288771,0.547302677528933,0.592365285614505,0.227251196280122
2.28017850896938,0.0825027457904071,0.90336228790693,0.948066896293312,0.727812862722203,0.657595203956589
2.59868647855567,0.339312580181286,0.820474512176588,0.0861721923574805,0.638925284612924,0.735731156310067
2.44499031588996,0.680787551216781,0.071431849617511,0.947882584994659,0.614450164837763,0.465094254584983
2.50304171268985,0.316949248081073,0.00389634305611253,0.722398868063465,0.0524168505799025,0.863605329301208
1.9348622825187,0.831568598048762,0.0521986158564687,0.922004604712129,0.565157752949745,0.675000583287329
2.67307433820888,0.215172082651407,0.866560179740191,0.613840943668038,0.587341380305588,0.161467888858169
2.32765791979379,0.497948936186731,0.576245168922469,0.160966501338407,0.62856707512401,0.0120903067290783
1.73985936530475,0.276049672625959,0.313842572038993,0.18294069217518,0.621890645008534,0.866068027447909
2.74059328917659,0.192023318726569,0.959465783787891,0.730183562031016,0.082270042039454,0.100712787825614
1.35243772186095,0.950621264055371,0.591193757019937,0.589525650488213,0.0776426121592522,0.312232244526967
2.39213602659323,0.321725537767634,0.531409335788339,0.312482362613082,0.687094689812511,0.434495053021237
2.95913180714687,0.478456383803859,0.383936671540141,0.772794398944825,0.830303592374548,0.615756064187735
0.774489588414369,0.0279925719369203,0.319553229492158,0.336298202164471,0.145909875165671,0.339224056806415
3.43543475267441,0.547459468012676,0.808386255288497,0.855676691047847,0.783530072309077,0.579978102818131
2.48168968742374,0.644240220542997,0.0419194984715432,0.580528493504971,0.486450079130009,0.829674802720547
2.45367396029507,0.596263544633985,0.363742694724351,0.415722651407123,0.989265105454251,0.334618145599961
3.29474403329143,0.321937375701964,0.856596966972575,0.932572785299271,0.499104954535142,0.382018996169791
1.71305046204797,0.891114312456921,0.697946578497067,0.4626988414675,0.562260535079986,0.605689934687689
2.55070046791625,0.626256947405636,0.684486472979188,0.0993463299237192,0.378257020609453,0.495735892094672
2.30308367072208,0.302904915297404,0.34801505273208,0.465449363226071,0.518637197325006,0.10926788370125
3.11872596138216,0.388204663759097,0.554681829409674,0.984083857620135,0.0742837921716273,0.84592829993926
1.86325204495643,0.160475092474371,0.137243617558852,0.925272865919396,0.538472344167531,0.44585653510876
2.02630723128193,0.862551897531375,0.784931556321681,0.43539876351133,0.961061000823975,0.750375904841349
1.98513736097523,0.953101213788614,0.886862571584061,0.869720715796575,0.527810139581561,0.795538619626313
2.3851214394943,0.563644683454186,0.20409588329494,0.300354171777144,0.437159451888874,0.390698857139796
3.07799694221398,0.329547413391992,0.770622961455956,0.797972631175071,0.0322669965680689,0.0148478888440877
1.30351722818132,0.996617218712345,0.596362960757688,0.800510711967945,0.037734180688858,0.743414826691151
2.56836831854492,0.234819675795734,0.957669742405415,0.386925696162507,0.047348293941468,0.0683851786889136
2.34531527687955,0.612671965267509,0.158688397612423,0.38158969511278,0.160959035623819,0.532020630780608
1.50714382301534,0.10817852942273,0.525974274147302,0.645515614189208,0.469097393332049,0.122630413854495
3.37614387686918,0.487032569944859,0.873151367530227,0.861667454242706,0.805923974839971,0.675769999157637
1.89344704863377,0.099445823347196,0.869706070283428,0.656632670899853,0.280597516102716,0.0560200677718967
1.50043630367177,0.16116576269269,0.0236886432394385,0.516326073557138,0.754783985204995,0.798009385820478
2.74237935084898,0.282992870779708,0.975889693479985,0.148781583411619,0.521825814852491,0.662604964571074
2.6089278120281,0.583872335962951,0.490224198205397,0.612765902886167,0.288947193184868,0.24424139666371
1.56138292687406,0.731707658851519,0.389170323032886,0.0419668189715594,0.0173772014677525,0.160372437210754
1.84292475996265,0.165520911104977,0.417554959887639,0.498358992626891,0.668349529849365,0.057999900309369
1.51936832299899,0.866467763204128,0.0929258204996586,0.739508221624419,0.0669759646989405,0.0152111938223243
2.41643717442519,0.708574137184769,0.161809210199863,0.753899779403582,0.836386426817626,0.833354771602899
1.5420259036509,0.76039953622967,0.405416495166719,0.0630937411915511,0.135343155823648,0.2618772177957
1.42107968289541,0.147084108553827,0.34181444416754,0.442481933394447,0.655878108460456,0.055414826143533
2.48625718531806,0.358056963421404,0.415257453219965,0.500671699177474,0.837947728810832,0.348033432848752
2.07451848179317,0.673332481412217,0.304052469087765,0.270243100356311,0.257647996069863,0.580218408955261
2.88786186069096,0.523822601651773,0.560280537465587,0.598802149062976,0.135995285119861,0.804218275705352
2.49460204409009,0.349801792763174,0.155874150572345,0.73583762627095,0.763488414231688,0.340265726437792
2.69535961918144,0.240530701586977,0.95657976414077,0.713577811839059,0.211996233323589,0.134850330883637
0.668888154067641,0.0581917962990701,0.0439666253514588,0.116492936853319,0.26796959922649,0.773612920194864
2.24619932165669,0.236619742121547,0.372157742734998,0.57512061833404,0.531831194646657,0.877237849868834
2.29166732722811,0.890077913179994,0.962615341413766,0.798131987219676,0.474116867408156,0.987968035042286
1.74624147067315,0.81182741606608,0.645427515730262,0.231823796639219,0.373443664982915,0.654818585142493
2.29134155413595,0.747516322182491,0.0612626143265516,0.724855825537816,0.775349928531796,0.254027303308249
2.04127728231012,0.154911725781858,0.409945928491652,0.838023197837174,0.558203970082104,0.6414555599913
1.19176337806039,0.124742088606581,0.425905134063214,0.118838570779189,0.155236621154472,0.450612380634993
1.26863596219489,0.974725808482617,0.508158084703609,0.958950396627188,0.989418448414654,0.196961197070777
3.167504536105,0.436129996087402,0.449599910760298,0.747764584375545,0.24444643035531,0.606187485391274
3.07323264332853,0.464016626821831,0.623261383501813,0.810889478772879,0.130378512199968,0.974629749776796
1.27744694057633,0.16529808123596,0.139977931044996,0.189917723415419,0.212681135395542,0.199174381326884
2.79368302647188,0.584936557337642,0.907946400810033,0.0259687774814665,0.380004248348996,0.434758973540738
2.65112734193218,0.27077801944688,0.569443274755031,0.863782292231917,0.359621168812737,0.339538734639064
2.50493033686848,0.230096920393407,0.54828057391569,0.919179865391925,0.302662048954517,0.0340082424227148
1.70202058312805,0.691207831492648,0.116827622521669,0.137627987889573,0.0443997136317194,0.0991985632572323
2.77299025272506,0.282852399628609,0.762028332334012,0.477648621890694,0.934783352771774,0.419232832733542
1.8228473970528,0.810398066183552,0.478369446704164,0.462961500277743,0.568717029877007,0.0473383399657905
1.91914681182172,0.0939166070893407,0.78196891467087,0.700178611092269,0.220802745083347,0.0265292769763619
1.14951882895813,0.822030071169138,0.0460265486035496,0.0655749011784792,0.877961175283417,0.1735120464582
3.31591316998608,0.427428280701861,0.819844667799771,0.733039993327111,0.467288806336001,0.378086534328759
1.74292714589377,0.755887259729207,0.269408447435126,0.395931590348482,0.54234981467016,0.588322784285992
2.31220824010761,0.662385506555438,0.282850414514542,0.461487844819203,0.78439817391336,0.336429670220241
2.89937533841452,0.444527396932244,0.643221559468657,0.725299363257363,0.647870272397995,0.49454828677699
3.06963194950659,0.627146184444428,0.948118837783113,0.470002647023648,0.144893147051334,0.752326674759388
0.894857159730994,0.000465349061414599,0.00699845445342362,0.999523977516219,0.321637377142906,0.169062111992389
2.12315832452535,0.217243514023721,0.351617672014982,0.845935791730881,0.951055582612753,0.843631636584178
2.6143766529374,0.704872245667502,0.419045724906027,0.828207303769887,0.188198490999639,0.320302856387571
2.3824457916914,0.215166488196701,0.457876797067002,0.761644344311208,0.750404248479754,0.233887216309086
1.57071946707463,0.813933721277863,0.711692579323426,0.112106491811574,0.459158475277945,0.309993565781042
3.37468820029432,0.307763874297962,0.919848057674244,0.838977019302547,0.141365048941225,0.789909963263199
2.95916441646367,0.687742685666308,0.627110700588673,0.813850524136797,0.205193076049909,0.254507749108598
2.12622211942011,0.932681079022586,0.902181778335944,0.991412194212899,0.675293499603868,0.922823525732383
1.32811213553602,0.115779664833099,0.757329159183428,0.0483145248144865,0.138030210509896,0.148353497497737
1.62919922216101,0.127705687889829,0.137858365662396,0.746787912445143,0.415543700801209,0.216477806447074
2.11185893798334,0.678223857423291,0.153254878008738,0.419313521590084,0.451247031800449,0.626091811805964
2.5470576035656,0.42894859588705,0.191312186885625,0.58214389719069,0.622946569696069,0.257070173276588
2.04334101396784,0.834400977939367,0.433185140602291,0.83073406224139,0.251174297416583,0.707173747709021
0.194355705360152,0.971438066801056,0.0872193018440157,0.0135306273587048,0.464153463719413,0.742405218305066
0.445318275615912,0.0704889777116478,0.223780001047999,0.0115217631682754,0.165509229060262,0.262356393504888
3.29399810902382,0.45978519320488,0.572148679522798,0.996445707278326,0.857806453481317,0.572619807906449
2.72626886655655,0.70158511842601,0.400169178377837,0.76568966708146,0.156551897292957,0.915648627793416
1.26127517337496,0.0869401679374278,0.565465380670503,0.314662610646337,0.0883316337130964,0.70842005033046
1.45315824072254,0.992944016121328,0.829623878700659,0.812011744361371,0.893417771905661,0.844355070730671
2.70695240208688,0.253098994027823,0.64211381948553,0.99121921742335,0.300620508380234,0.91994241415523
0.628036854224446,0.0495384356472641,0.391498751705512,0.200759592931718,0.752086671069264,0.294634674442932
2.9494479628444,0.686324946815148,0.709579854737967,0.646037220256403,0.401606647996232,0.6506526642479
1.71967282211918,0.786927352659404,0.108824073104188,0.437550728907809,0.448558106087148,0.141766190296039
